2026-09-06T2024Z	chain:launchlab=73841:4670:33	chain:pumpfun=9762:1307:62	control:coinbase=63634:55:2
2026-09-07T1952Z	chain:launchlab=8283:2016:3	chain:pumpfun=24901:1218:1	control:coinbase=79225:61:2	rss:whitehouse=1:198318:13444
2026-09-08T1950Z	chain:launchlab=8031:1240:2	chain:pumpfun=29007:1256:8	control:coinbase=78566:61:2	rss:whitehouse=4:1042067:2338
2026-09-09T1950Z	chain:launchlab=10343:1370:6	chain:pumpfun=28539:1238:3	control:coinbase=91063:64:3	rss:federalregister=1:6167692:50886	rss:whitehouse=6:1115677:65343
2026-09-10T1952Z	chain:launchlab=9112:1391:9	chain:pumpfun=33449:1202:4	control:coinbase=88323:60:3	rss:whitehouse=6:1015107:483
2026-09-11T1951Z	chain:launchlab=13437:1283:11	chain:pumpfun=28390:1209:5	control:coinbase=95285:60:6	rss:sec-press=5:-2558001145:17473	rss:whitehouse=2:847621:2124
2026-09-12T1952Z	chain:launchlab=11242:1151:7	chain:pumpfun=28310:1195:5	control:coinbase=60530:57:7
2026-09-13T1952Z	chain:launchlab=6987:1148:22	chain:pumpfun=25029:1185:22	control:coinbase=48308:57:9
2026-09-14T1951Z	chain:launchlab=8217:1153:8	chain:pumpfun=27382:1244:6	control:coinbase=84229:59:6	rss:sec-press=1:59223:11026	rss:whitehouse=3:861213:32
2026-09-16T1951Z	chain:launchlab=2317:1506:0	chain:pumpfun=13158:1446:1	control:coinbase=54007:54:0	rss:sec-press=1:27683:21055	rss:whitehouse=1:391919:6704
2026-09-17T1950Z	chain:launchlab=7980:1162:15	chain:pumpfun=37986:1390:0	control:coinbase=90891:55:11	rss:sec-press=1:393878:24538	rss:whitehouse=10:603582:14379
2026-09-18T1951Z	chain:launchlab=14190:1103:2	chain:pumpfun=34977:1354:1	control:coinbase=117897:54:1	rss:whitehouse=6:930635:1798
2026-09-19T1951Z	chain:launchlab=14319:1066:34	chain:pumpfun=32291:1310:37	control:coinbase=88611:55:2	rss:whitehouse=6:15280351:1694
2026-09-20T1951Z	chain:launchlab=13928:1066:0	chain:pumpfun=28525:1290:2	control:coinbase=67795:56:5	rss:whitehouse=1:1358413:8834
2026-09-21T1950Z	chain:launchlab=18093:1085:13	chain:pumpfun=32705:1471:2	control:coinbase=130143:61:1	rss:whitehouse=3:1007292:5073
2026-09-22T1951Z	chain:launchlab=17827:1080:1	chain:pumpfun=30539:1445:1	control:coinbase=124349:59:0	rss:sec-press=1:4733224:6801	rss:whitehouse=3:1109739:5097
2026-09-23T1951Z	chain:launchlab=16219:1133:1	chain:pumpfun=30221:1296:6	control:coinbase=111124:61:1	rss:sec-press=2:3553356:5160	rss:whitehouse=4:44546884:1378
2026-09-24T1952Z	chain:launchlab=14018:1353:9	chain:pumpfun=30677:2816:2	control:coinbase=101843:60:0	rss:whitehouse=3:387548:7982
2026-09-25T1951Z	chain:launchlab=15260:775:6	chain:pumpfun=33280:2563:0	control:coinbase=104352:56:1	rss:whitehouse=2:734634:2357
2026-09-26T1952Z	chain:launchlab=5603:863:34	chain:pumpfun=31284:6257:4	control:coinbase=72064:55:3	rss:whitehouse=5:1120877:11380
