2026-09-06T0634Z	chain:launchlab=25957:3190:10	chain:pumpfun=12423:1201:71	control:coinbase=62363:9:0
2026-09-06T1952Z	chain:launchlab=52084:4930:40	chain:pumpfun=8617:1300:114	control:coinbase=63756:8:2
2026-09-07T1952Z	chain:launchlab=7482:2211:8	chain:pumpfun=24821:1338:4	control:coinbase=79226:12:1	rss:whitehouse=1:86076:13573
2026-09-08T1950Z	chain:launchlab=7988:1374:6	chain:pumpfun=29029:1413:2	control:coinbase=78599:14:3	rss:whitehouse=4:832099:2560
2026-09-09T1952Z	chain:launchlab=10148:1375:7	chain:pumpfun=28539:1464:3	control:coinbase=91063:15:3	rss:federalregister=1:6167122:50986	rss:whitehouse=6:1207562:63845
2026-09-10T1951Z	chain:launchlab=8913:1323:5	chain:pumpfun=32896:1238:5	control:coinbase=87706:16:7	rss:whitehouse=6:792412:661
2026-09-11T1952Z	chain:launchlab=13313:1388:8	chain:pumpfun=28330:1309:9	control:coinbase=95105:31:6	rss:sec-press=5:-2557999689:17531	rss:whitehouse=2:594354:2439
2026-09-12T1951Z	chain:launchlab=11116:1412:10	chain:pumpfun=28119:1224:5	control:coinbase=60572:15:6
2026-09-13T1951Z	chain:launchlab=6911:1371:8	chain:pumpfun=24962:1192:8	control:coinbase=48330:11:21
2026-09-14T1952Z	chain:launchlab=8196:1348:7	chain:pumpfun=27151:1253:9	control:coinbase=84287:16:8	rss:sec-press=1:60698:11118	rss:whitehouse=3:1144328:452
2026-09-16T1951Z	chain:launchlab=2310:1184:3	chain:pumpfun=13133:1368:2	control:coinbase=54090:24:0	rss:sec-press=1:25880:21085	rss:whitehouse=1:1713823:5410
2026-09-17T1952Z	chain:launchlab=7712:1191:2	chain:pumpfun=37592:1378:3	control:coinbase=90692:45:0	rss:sec-press=1:395668:24664	rss:whitehouse=10:1072008:14507
2026-09-18T1952Z	chain:launchlab=13719:1128:0	chain:pumpfun=34084:1159:1	control:coinbase=117860:9:0	rss:whitehouse=7:845307:17
2026-09-19T1950Z	chain:launchlab=13832:1099:0	chain:pumpfun=31511:1105:4	control:coinbase=88664:8:2	rss:whitehouse=6:15280958:1650
2026-09-20T1952Z	chain:launchlab=13527:1091:3	chain:pumpfun=27970:1104:8	control:coinbase=67810:7:1	rss:whitehouse=1:1325897:8931
2026-09-21T1951Z	chain:launchlab=16825:1101:5	chain:pumpfun=30439:1111:6	control:coinbase=130232:18:1	rss:whitehouse=3:962489:5192
2026-09-22T1951Z	chain:launchlab=16873:1101:4	chain:pumpfun=28853:1116:2	control:coinbase=124324:34:2	rss:sec-press=1:4728720:6782	rss:whitehouse=3:1055702:5127
2026-09-23T1951Z	chain:launchlab=15455:1105:6	chain:pumpfun=29465:1332:5	control:coinbase=111106:17:1	rss:sec-press=2:3551990:5178	rss:whitehouse=4:44526617:1402
